"Image","Llama 8B","Llama 36B","Vicuna 8B","Vicuna 36B"
"2023:02","27.106024351364173","599471.2955974842","339293.03914590745","6.674132206143675"
"2023:06","4219.630844683037","3286238.7612903225","1596844.6394984326","7.888180720464693"
"2023:08","2601.0336080199686","3277575.1794871795","3117848.3902439023","6.89314474676216"
"2024:02","3006.7065206622647","3709568.690647482","1397436.7913279133","7.039604096579125"
